Time,Elo Rating
Santos,1531.84
SP,1531.8399263172823
Flamengo,1499.84
Avai,1531.8398526685278
ABC,1531.84
CSA,1499.5202210141897
